username,nb_traces,nb_remove,tmp_moy,cp_pst,nb_save,nb_gcc_error,quantite,cluster
SRC4381A,14,0,99881.25614285714,1,2,1.0,101.0,3
BNH4388A,8,0,417636.2895000001,1,0,0.9090909090909092,106.0,3
prc3653a,10,2,93.9155,3,1,0.0,107.0,3
WZT3975A,31,1,117128.36096774192,2,3,0.0,138.5,3
dqm3697a,11,2,73.99027272727272,3,3,0.0,86.0,3
