username,nb_traces,nb_remove,tmp_moy,cp_pst,nb_save,cluster
RNC4399A,1434,1032,2113.827633891212,351,181,1
DSN4384A,1222,706,3278.416411620296,387,141,1
LSJ4420A,1219,872,3478.0874733388014,348,89,1
ngp4334a,1460,1223,2621.1540089041123,530,163,1
LCB4176A,1443,845,2773.7934982675,452,127,1
CMX4056A,1366,1788,2946.8751339677874,239,100,1
cmf4263a,1518,526,2639.5194703557327,554,133,1
SZP3877A,1169,1210,3486.8341856287466,318,85,1
BNL4208A,1052,903,3321.135843155892,457,71,1
